Chr01:16803449-16809189	LTR	Copia	Tork	yes	-	GAG|Tork PROT|Tork INT|Tork RT|Tork RH|Tork
Chr01:17066912-17078471	LTR	Gypsy	Retand	yes	+	GAG|Retand PROT|Retand RT|Retand RH|Retand INT|Retand
Chr01:17082482-17087362	LTR	Copia	Ivana	yes	+	GAG|Ivana PROT|Ivana INT|Ivana RT|Ivana RH|Ivana
Chr01:17487190-17494342	LTR	Gypsy	Tekay	no	-	RT|Tekay INT|Tekay CHD|Tekay
Chr01:17593545-17600841	LTR	Copia	TAR	yes	+	GAG|TAR PROT|TAR INT|TAR RT|TAR RH|TAR
Chr01:17607071-17612582	LTR	Copia	Ale	yes	-	GAG|Ale PROT|Ale INT|Ale RT|Ale RH|Ale
Chr01:17627712-17641790	LTR	Copia	Tork	yes	+	GAG|Tork PROT|Tork INT|Tork RT|Tork RH|Tork
Chr01:17810229-17815780	LTR	Copia	Bianca	yes	+	GAG|Bianca PROT|Bianca INT|Bianca RT|Bianca RH|Bianca
Chr01:17815884-17822312	LTR	Copia	Tork	yes	+	GAG|Tork PROT|Tork INT|Tork RT|Tork RH|Tork
Chr01:17824889-17830707	LTR	Copia	Bianca	no	-	GAG|Bianca RT|Bianca RH|Bianca
Chr01:18288310-18291196	LTR	Gypsy	CRM	no	-	CHDCR|CRM
Chr01:18419529-18425880	LTR	Copia	Bianca	yes	+	GAG|Bianca PROT|Bianca INT|Bianca RT|Bianca RH|Bianca
Chr01:18442807-18456080	LTR	Gypsy	Athila	yes	-	GAG|Athila PROT|Athila RT|Athila RH|Athila INT|Athila
Chr01:18715863-18721748	LTR	Copia	Tork	yes	-	GAG|Tork PROT|Tork INT|Tork RT|Tork RH|Tork
Chr01:18806846-18813276	LTR	Copia	Bianca	yes	+	GAG|Bianca PROT|Bianca INT|Bianca RT|Bianca RH|Bianca
Chr01:18841377-18858465	LTR	Gypsy	Tekay	yes	-	GAG|Tekay PROT|Tekay RT|Tekay RH|Tekay INT|Tekay CHD|Tekay
Chr01:188816-195270	LTR	Copia	Ikeros	yes	+	GAG|Ikeros PROT|Ikeros INT|Ikeros RT|Ikeros RH|Ikeros
Chr01:18982733-18987616	LTR	Copia	Tork	yes	-	GAG|Tork PROT|Tork INT|Tork RT|Tork RH|Tork
Chr01:18991100-18997333	LTR	Copia	Bianca	yes	-	GAG|Bianca PROT|Bianca INT|Bianca RT|Bianca RH|Bianca
Chr01:19044548-19051811	LTR	Gypsy	Athila	no	-	GAG|Athila PROT|Athila
Chr01:19141869-19148833	LTR	Gypsy	Athila	no	-	GAG|Athila PROT|Athila
Chr01:19156898-19161897	LTR	Copia	Ale	yes	+	GAG|Ale PROT|Ale INT|Ale RT|Ale RH|Ale
Chr01:19205048-19211018	LTR	Copia	Bianca	yes	+	GAG|Bianca PROT|Bianca INT|Bianca RT|Bianca RH|Bianca
Chr01:19299043-19312387	LTR	Gypsy	Athila	yes	-	GAG|Athila PROT|Athila RT|Athila RH|Athila INT|Athila
Chr01:19590335-19596522	LTR	Copia	Bianca	yes	+	GAG|Bianca PROT|Bianca INT|Bianca RT|Bianca RH|Bianca
Chr01:19656930-19666076	LTR	Copia	Bianca	no	+	GAG|Bianca
Chr01:19772055-19779100	LTR	Copia	Bianca	yes	-	GAG|Bianca PROT|Bianca INT|Bianca RT|Bianca RH|Bianca
Chr01:19845176-19849786	LTR	Copia	Ivana	yes	-	GAG|Ivana PROT|Ivana INT|Ivana RT|Ivana RH|Ivana
Chr01:19881130-19885821	LTR	Copia	Ivana	yes	-	GAG|Ivana PROT|Ivana INT|Ivana RT|Ivana RH|Ivana
Chr01:19943290-19948068	LTR	Copia	Ale	yes	+	GAG|Ale PROT|Ale INT|Ale RT|Ale RH|Ale
Chr01:20067014-20073561	LTR	Copia	Bianca	yes	-	GAG|Bianca PROT|Bianca INT|Bianca RT|Bianca RH|Bianca
Chr01:20111759-20115653	LTR	Gypsy	CRM	no	-	CHDCR|CRM
Chr01:20154812-20160879	LTR	Copia	Ale	yes	+	GAG|Ale PROT|Ale INT|Ale RT|Ale RH|Ale
Chr01:20220479-20226982	LTR	Copia	Bianca	yes	+	GAG|Bianca PROT|Bianca INT|Bianca RT|Bianca RH|Bianca
Chr01:20508275-20513803	LTR	Copia	Ale	yes	-	GAG|Ale PROT|Ale INT|Ale RT|Ale RH|Ale
Chr01:20630016-20635689	LTR	Copia	Bianca	no	-	GAG|Bianca
Chr01:20739405-20750346	LTR	Gypsy	Retand	yes	-	GAG|Retand PROT|Retand RT|Retand RH|Retand INT|Retand
Chr01:20858812-20864025	LTR	Gypsy	Reina	yes	+	GAG|Reina PROT|Reina RT|Reina RH|Reina INT|Reina CHD|Reina
Chr01:21119389-21125711	LTR	Copia	Bianca	yes	-	GAG|Bianca PROT|Bianca INT|Bianca RT|Bianca RH|Bianca
Chr01:21138153-21144108	LTR	Copia	Bianca	no	+	GAG|Bianca
Chr01:21148268-21155131	LTR	Gypsy	Athila	no	-	GAG|Athila PROT|Athila
Chr01:21534534-21541805	LTR	Copia	TAR	yes	+	GAG|TAR PROT|TAR INT|TAR RT|TAR RH|TAR
Chr01:21772237-21778074	LTR	Copia	Bianca	yes	+	GAG|Bianca PROT|Bianca INT|Bianca RT|Bianca RH|Bianca
Chr01:21845702-21848656	LTR	Copia	Ivana	no	+	INT|Ivana RT|Ivana RH|Ivana
Chr01:21915686-21929085	LTR	Gypsy	Retand	yes	-	GAG|Retand PROT|Retand RT|Retand RH|Retand INT|Retand
Chr01:21929993-21935874	LTR	Copia	Bianca	yes	+	GAG|Bianca PROT|Bianca INT|Bianca RT|Bianca RH|Bianca
Chr01:21983705-21993825	LTR	Gypsy	Athila	yes	+	GAG|Athila PROT|Athila RT|Athila RH|Athila INT|Athila
Chr01:22036569-22041879	LTR	Gypsy	Reina	yes	+	GAG|Reina PROT|Reina RT|Reina RH|Reina INT|Reina CHD|Reina
Chr01:22156801-22161538	LTR	Copia	Ivana	yes	-	GAG|Ivana PROT|Ivana INT|Ivana RT|Ivana RH|Ivana
Chr01:22202432-22208553	LTR	Copia	Angela	yes	-	GAG|Angela PROT|Angela INT|Angela RT|Angela RH|Angela
